
[
  {
    "name": "Abu Dhabi",
    "code": "AE-AZ",
    "type": "country"
  },
  {
    "name": "Afghanistan",
    "code": "AF",
    "type": "country"
  },
  {
    "name": "Ajman",
    "code": "AE-AJ",
    "type": "country"
  },
  {
    "name": "Akrotiri",
    "code": "XQZ",
    "type": "country"
  },
  {
    "name": "Albania",
    "code": "AL",
    "type": "country"
  },
  {
    "name": "Algeria",
    "code": "DZ",
    "type": "country"
  },
  {
    "name": "American Samoa",
    "code": "AS",
    "type": "country"
  },
  {
    "name": "Andorra",
    "code": "AD",
    "type": "country"
  },
  {
    "name": "Angola",
    "code": "AO",
    "type": "country"
  },
  {
    "name": "Anguilla",
    "code": "AI",
    "type": "country"
  },
  {
    "name": "Antarctica",
    "code": "AQ",
    "type": "country"
  },
  {
    "name": "Antigua and Barbuda",
    "code": "AG",
    "type": "country"
  },
  {
    "name": "Argentina",
    "code": "AR",
    "type": "country"
  },
  {
    "name": "Armenia",
    "code": "AM",
    "type": "country"
  },
  {
    "name": "Aruba",
    "code": "AW",
    "type": "country"
  },
  {
    "name": "Ascension",
    "code": "SH-AC",
    "type": "country"
  },
  {
    "name": "Australia",
    "code": "AU",
    "type": "country"
  },
  {
    "name": "Austria",
    "code": "AT",
    "type": "country"
  },
  {
    "name": "Azerbaijan",
    "code": "AZ",
    "type": "country"
  },
  {
    "name": "Bahrain",
    "code": "BH",
    "type": "country"
  },
  {
    "name": "Baker Island",
    "code": "UM-81",
    "type": "country"
  },
  {
    "name": "Bangladesh",
    "code": "BD",
    "type": "country"
  },
  {
    "name": "Barbados",
    "code": "BB",
    "type": "country"
  },
  {
    "name": "Belarus",
    "code": "BY",
    "type": "country"
  },
  {
    "name": "Belgium",
    "code": "BE",
    "type": "country"
  },
  {
    "name": "Belize",
    "code": "BZ",
    "type": "country"
  },
  {
    "name": "Benin",
    "code": "BJ",
    "type": "country"
  },
  {
    "name": "Bermuda",
    "code": "BM",
    "type": "country"
  },
  {
    "name": "Bhutan",
    "code": "BT",
    "type": "country"
  },
  {
    "name": "Bolivia",
    "code": "BO",
    "type": "country"
  },
  {
    "name": "Bonaire",
    "code": "BQ-BO",
    "type": "country"
  },
  {
    "name": "Bosnia and Herzegovina",
    "code": "BA",
    "type": "country"
  },
  {
    "name": "Botswana",
    "code": "BW",
    "type": "country"
  },
  {
    "name": "Bouvet Island",
    "code": "BV",
    "type": "country"
  },
  {
    "name": "Brazil",
    "code": "BR",
    "type": "country"
  },
  {
    "name": "British Antarctic Territory",
    "code": "BAT",
    "type": "country"
  },
  {
    "name": "British Indian Ocean Territory",
    "code": "IO",
    "type": "country"
  },
  {
    "name": "British Virgin Islands",
    "code": "VG",
    "type": "country"
  },
  {
    "name": "Brunei",
    "code": "BN",
    "type": "country"
  },
  {
    "name": "Bulgaria",
    "code": "BG",
    "type": "country"
  },
  {
    "name": "Burkina Faso",
    "code": "BF",
    "type": "country"
  },
  {
    "name": "Myanmar (Burma)",
    "code": "MM",
    "type": "country"
  },
  {
    "name": "Burundi",
    "code": "BI",
    "type": "country"
  },
  {
    "name": "Cambodia",
    "code": "KH",
    "type": "country"
  },
  {
    "name": "Cameroon",
    "code": "CM",
    "type": "country"
  },
  {
    "name": "Canada",
    "code": "CA",
    "type": "country"
  },
  {
    "name": "Cape Verde",
    "code": "CV",
    "type": "country"
  },
  {
    "name": "Cayman Islands",
    "code": "KY",
    "type": "country"
  },
  {
    "name": "Central African Republic",
    "code": "CF",
    "type": "country"
  },
  {
    "name": "Ceuta",
    "code": "ES-CE",
    "type": "country"
  },
  {
    "name": "Chad",
    "code": "TD",
    "type": "country"
  },
  {
    "name": "Chile",
    "code": "CL",
    "type": "country"
  },
  {
    "name": "China",
    "code": "CN",
    "type": "country"
  },
  {
    "name": "Christmas Island",
    "code": "CX",
    "type": "country"
  },
  {
    "name": "Cocos (Keeling) Islands",
    "code": "CC",
    "type": "country"
  },
  {
    "name": "Colombia",
    "code": "CO",
    "type": "country"
  },
  {
    "name": "Comoros",
    "code": "KM",
    "type": "country"
  },
  {
    "name": "Congo",
    "code": "CG",
    "type": "country"
  },
  {
    "name": "Congo (Democratic Republic)",
    "code": "CD",
    "type": "country"
  },
  {
    "name": "Cook Islands",
    "code": "CK",
    "type": "country"
  },
  {
    "name": "Costa Rica",
    "code": "CR",
    "type": "country"
  },
  {
    "name": "Croatia",
    "code": "HR",
    "type": "country"
  },
  {
    "name": "Cuba",
    "code": "CU",
    "type": "country"
  },
  {
    "name": "Curaçao",
    "code": "CW",
    "type": "country"
  },
  {
    "name": "Cyprus",
    "code": "CY",
    "type": "country"
  },
  {
    "name": "Czechia",
    "code": "CZ",
    "type": "country"
  },
  {
    "name": "Czechoslovakia",
    "code": "CS",
    "type": "country"
  },
  {
    "name": "Denmark",
    "code": "DK",
    "type": "country"
  },
  {
    "name": "Dhekelia",
    "code": "XXD",
    "type": "country"
  },
  {
    "name": "Djibouti",
    "code": "DJ",
    "type": "country"
  },
  {
    "name": "Dominica",
    "code": "DM",
    "type": "country"
  },
  {
    "name": "Dominican Republic",
    "code": "DO",
    "type": "country"
  },
  {
    "name": "Dubai",
    "code": "AE-DU",
    "type": "country"
  },
  {
    "name": "East Germany",
    "code": "DD",
    "type": "country"
  },
  {
    "name": "East Timor",
    "code": "TL",
    "type": "country"
  },
  {
    "name": "Ecuador",
    "code": "EC",
    "type": "country"
  },
  {
    "name": "Egypt",
    "code": "EG",
    "type": "country"
  },
  {
    "name": "El Salvador",
    "code": "SV",
    "type": "country"
  },
  {
    "name": "Equatorial Guinea",
    "code": "GQ",
    "type": "country"
  },
  {
    "name": "Eritrea",
    "code": "ER",
    "type": "country"
  },
  {
    "name": "Estonia",
    "code": "EE",
    "type": "country"
  },
  {
    "name": "Eswatini",
    "code": "SZ",
    "type": "country"
  },
  {
    "name": "Ethiopia",
    "code": "ET",
    "type": "country"
  },
  {
    "name": "Falkland Islands",
    "code": "FK",
    "type": "country"
  },
  {
    "name": "Faroe Islands",
    "code": "FO",
    "type": "country"
  },
  {
    "name": "Fiji",
    "code": "FJ",
    "type": "country"
  },
  {
    "name": "Finland",
    "code": "FI",
    "type": "country"
  },
  {
    "name": "France",
    "code": "FR",
    "type": "country"
  },
  {
    "name": "French Guiana",
    "code": "GF",
    "type": "country"
  },
  {
    "name": "French Polynesia",
    "code": "PF",
    "type": "country"
  },
  {
    "name": "French Southern Territories",
    "code": "TF",
    "type": "country"
  },
  {
    "name": "Fujairah",
    "code": "AE-FU",
    "type": "country"
  },
  {
    "name": "Gabon",
    "code": "GA",
    "type": "country"
  },
  {
    "name": "Georgia",
    "code": "GE",
    "type": "country"
  },
  {
    "name": "Germany",
    "code": "DE",
    "type": "country"
  },
  {
    "name": "Ghana",
    "code": "GH",
    "type": "country"
  },
  {
    "name": "Gibraltar",
    "code": "GI",
    "type": "country"
  },
  {
    "name": "Greece",
    "code": "GR",
    "type": "country"
  },
  {
    "name": "Greenland",
    "code": "GL",
    "type": "country"
  },
  {
    "name": "Grenada",
    "code": "GD",
    "type": "country"
  },
  {
    "name": "Guadeloupe",
    "code": "GP",
    "type": "country"
  },
  {
    "name": "Guam",
    "code": "GU",
    "type": "country"
  },
  {
    "name": "Guatemala",
    "code": "GT",
    "type": "country"
  },
  {
    "name": "Guernsey",
    "code": "GG",
    "type": "country"
  },
  {
    "name": "Guinea",
    "code": "GN",
    "type": "country"
  },
  {
    "name": "Guinea-Bissau",
    "code": "GW",
    "type": "country"
  },
  {
    "name": "Guyana",
    "code": "GY",
    "type": "country"
  },
  {
    "name": "Haiti",
    "code": "HT",
    "type": "country"
  },
  {
    "name": "Heard Island and McDonald Islands",
    "code": "HM",
    "type": "country"
  },
  {
    "name": "Honduras",
    "code": "HN",
    "type": "country"
  },
  {
    "name": "Hong Kong",
    "code": "HK",
    "type": "country"
  },
  {
    "name": "Howland Island",
    "code": "UM-84",
    "type": "country"
  },
  {
    "name": "Hungary",
    "code": "HU",
    "type": "country"
  },
  {
    "name": "Iceland",
    "code": "IS",
    "type": "country"
  },
  {
    "name": "India",
    "code": "IN",
    "type": "country"
  },
  {
    "name": "Indonesia",
    "code": "ID",
    "type": "country"
  },
  {
    "name": "Iran",
    "code": "IR",
    "type": "country"
  },
  {
    "name": "Iraq",
    "code": "IQ",
    "type": "country"
  },
  {
    "name": "Ireland",
    "code": "IE",
    "type": "country"
  },
  {
    "name": "Isle of Man",
    "code": "IM",
    "type": "country"
  },
  {
    "name": "Israel",
    "code": "IL",
    "type": "country"
  },
  {
    "name": "Italy",
    "code": "IT",
    "type": "country"
  },
  {
    "name": "Ivory Coast",
    "code": "CI",
    "type": "country"
  },
  {
    "name": "Jamaica",
    "code": "JM",
    "type": "country"
  },
  {
    "name": "Japan",
    "code": "JP",
    "type": "country"
  },
  {
    "name": "Jarvis Island",
    "code": "UM-86",
    "type": "country"
  },
  {
    "name": "Jersey",
    "code": "JE",
    "type": "country"
  },
  {
    "name": "Johnston Atoll",
    "code": "UM-67",
    "type": "country"
  },
  {
    "name": "Jordan",
    "code": "JO",
    "type": "country"
  },
  {
    "name": "Kazakhstan",
    "code": "KZ",
    "type": "country"
  },
  {
    "name": "Kenya",
    "code": "KE",
    "type": "country"
  },
  {
    "name": "Kingman Reef",
    "code": "UM-89",
    "type": "country"
  },
  {
    "name": "Kiribati",
    "code": "KI",
    "type": "country"
  },
  {
    "name": "Kosovo",
    "code": "XK",
    "type": "country"
  },
  {
    "name": "Kuwait",
    "code": "KW",
    "type": "country"
  },
  {
    "name": "Kyrgyzstan",
    "code": "KG",
    "type": "country"
  },
  {
    "name": "Laos",
    "code": "LA",
    "type": "country"
  },
  {
    "name": "Latvia",
    "code": "LV",
    "type": "country"
  },
  {
    "name": "Lebanon",
    "code": "LB",
    "type": "country"
  },
  {
    "name": "Lesotho",
    "code": "LS",
    "type": "country"
  },
  {
    "name": "Liberia",
    "code": "LR",
    "type": "country"
  },
  {
    "name": "Libya",
    "code": "LY",
    "type": "country"
  },
  {
    "name": "Liechtenstein",
    "code": "LI",
    "type": "country"
  },
  {
    "name": "Lithuania",
    "code": "LT",
    "type": "country"
  },
  {
    "name": "Luxembourg",
    "code": "LU",
    "type": "country"
  },
  {
    "name": "Macao",
    "code": "MO",
    "type": "country"
  },
  {
    "name": "Madagascar",
    "code": "MG",
    "type": "country"
  },
  {
    "name": "Malawi",
    "code": "MW",
    "type": "country"
  },
  {
    "name": "Malaysia",
    "code": "MY",
    "type": "country"
  },
  {
    "name": "Maldives",
    "code": "MV",
    "type": "country"
  },
  {
    "name": "Mali",
    "code": "ML",
    "type": "country"
  },
  {
    "name": "Malta",
    "code": "MT",
    "type": "country"
  },
  {
    "name": "Marshall Islands",
    "code": "MH",
    "type": "country"
  },
  {
    "name": "Martinique",
    "code": "MQ",
    "type": "country"
  },
  {
    "name": "Mauritania",
    "code": "MR",
    "type": "country"
  },
  {
    "name": "Mauritius",
    "code": "MU",
    "type": "country"
  },
  {
    "name": "Mayotte",
    "code": "YT",
    "type": "country"
  },
  {
    "name": "Melilla",
    "code": "ES-ML",
    "type": "country"
  },
  {
    "name": "Mexico",
    "code": "MX",
    "type": "country"
  },
  {
    "name": "Micronesia",
    "code": "FM",
    "type": "country"
  },
  {
    "name": "Midway Islands",
    "code": "UM-71",
    "type": "country"
  },
  {
    "name": "Moldova",
    "code": "MD",
    "type": "country"
  },
  {
    "name": "Monaco",
    "code": "MC",
    "type": "country"
  },
  {
    "name": "Mongolia",
    "code": "MN",
    "type": "country"
  },
  {
    "name": "Montenegro",
    "code": "ME",
    "type": "country"
  },
  {
    "name": "Montserrat",
    "code": "MS",
    "type": "country"
  },
  {
    "name": "Morocco",
    "code": "MA",
    "type": "country"
  },
  {
    "name": "Mozambique",
    "code": "MZ",
    "type": "country"
  },
  {
    "name": "Namibia",
    "code": "NA",
    "type": "country"
  },
  {
    "name": "Nauru",
    "code": "NR",
    "type": "country"
  },
  {
    "name": "Navassa Island",
    "code": "UM-76",
    "type": "country"
  },
  {
    "name": "Nepal",
    "code": "NP",
    "type": "country"
  },
  {
    "name": "Netherlands",
    "code": "NL",
    "type": "country"
  },
  {
    "name": "New Caledonia",
    "code": "NC",
    "type": "country"
  },
  {
    "name": "New Zealand",
    "code": "NZ",
    "type": "country"
  },
  {
    "name": "Nicaragua",
    "code": "NI",
    "type": "country"
  },
  {
    "name": "Niger",
    "code": "NE",
    "type": "country"
  },
  {
    "name": "Nigeria",
    "code": "NG",
    "type": "country"
  },
  {
    "name": "Niue",
    "code": "NU",
    "type": "country"
  },
  {
    "name": "Norfolk Island",
    "code": "NF",
    "type": "country"
  },
  {
    "name": "North Korea",
    "code": "KP",
    "type": "country"
  },
  {
    "name": "North Macedonia",
    "code": "MK",
    "type": "country"
  },
  {
    "name": "Northern Mariana Islands",
    "code": "MP",
    "type": "country"
  },
  {
    "name": "Norway",
    "code": "NO",
    "type": "country"
  },
  {
    "name": "Occupied Palestinian Territories",
    "code": "PS",
    "type": "country"
  },
  {
    "name": "Oman",
    "code": "OM",
    "type": "country"
  },
  {
    "name": "Pakistan",
    "code": "PK",
    "type": "country"
  },
  {
    "name": "Palau",
    "code": "PW",
    "type": "country"
  },
  {
    "name": "Palmyra Atoll",
    "code": "UM-95",
    "type": "country"
  },
  {
    "name": "Panama",
    "code": "PA",
    "type": "country"
  },
  {
    "name": "Papua New Guinea",
    "code": "PG",
    "type": "country"
  },
  {
    "name": "Paraguay",
    "code": "PY",
    "type": "country"
  },
  {
    "name": "Peru",
    "code": "PE",
    "type": "country"
  },
  {
    "name": "Philippines",
    "code": "PH",
    "type": "country"
  },
  {
    "name": "Pitcairn, Henderson, Ducie and Oeno Islands",
    "code": "PN",
    "type": "country"
  },
  {
    "name": "Poland",
    "code": "PL",
    "type": "country"
  },
  {
    "name": "Portugal",
    "code": "PT",
    "type": "country"
  },
  {
    "name": "Puerto Rico",
    "code": "PR",
    "type": "country"
  },
  {
    "name": "Qatar",
    "code": "QA",
    "type": "country"
  },
  {
    "name": "Ras al-Khaimah",
    "code": "AE-RK",
    "type": "country"
  },
  {
    "name": "Romania",
    "code": "RO",
    "type": "country"
  },
  {
    "name": "Russia",
    "code": "RU",
    "type": "country"
  },
  {
    "name": "Rwanda",
    "code": "RW",
    "type": "country"
  },
  {
    "name": "Réunion",
    "code": "RE",
    "type": "country"
  },
  {
    "name": "Saba",
    "code": "BQ-SA",
    "type": "country"
  },
  {
    "name": "Saint Barthélemy",
    "code": "BL",
    "type": "country"
  },
  {
    "name": "Saint Helena",
    "code": "SH-HL",
    "type": "country"
  },
  {
    "name": "Saint Pierre and Miquelon",
    "code": "PM",
    "type": "country"
  },
  {
    "name": "Saint-Martin (French part)",
    "code": "MF",
    "type": "country"
  },
  {
    "name": "Samoa",
    "code": "WS",
    "type": "country"
  },
  {
    "name": "San Marino",
    "code": "SM",
    "type": "country"
  },
  {
    "name": "Sao Tome and Principe",
    "code": "ST",
    "type": "country"
  },
  {
    "name": "Saudi Arabia",
    "code": "SA",
    "type": "country"
  },
  {
    "name": "Senegal",
    "code": "SN",
    "type": "country"
  },
  {
    "name": "Serbia",
    "code": "RS",
    "type": "country"
  },
  {
    "name": "Seychelles",
    "code": "SC",
    "type": "country"
  },
  {
    "name": "Sharjah",
    "code": "AE-SH",
    "type": "country"
  },
  {
    "name": "Sierra Leone",
    "code": "SL",
    "type": "country"
  },
  {
    "name": "Singapore",
    "code": "SG",
    "type": "country"
  },
  {
    "name": "Sint Eustatius",
    "code": "BQ-SE",
    "type": "country"
  },
  {
    "name": "Sint Maarten (Dutch part)",
    "code": "SX",
    "type": "country"
  },
  {
    "name": "Slovakia",
    "code": "SK",
    "type": "country"
  },
  {
    "name": "Slovenia",
    "code": "SI",
    "type": "country"
  },
  {
    "name": "Solomon Islands",
    "code": "SB",
    "type": "country"
  },
  {
    "name": "Somalia",
    "code": "SO",
    "type": "country"
  },
  {
    "name": "South Africa",
    "code": "ZA",
    "type": "country"
  },
  {
    "name": "South Georgia and South Sandwich Islands",
    "code": "GS",
    "type": "country"
  },
  {
    "name": "South Korea",
    "code": "KR",
    "type": "country"
  },
  {
    "name": "South Sudan",
    "code": "SS",
    "type": "country"
  },
  {
    "name": "Spain",
    "code": "ES",
    "type": "country"
  },
  {
    "name": "Sri Lanka",
    "code": "LK",
    "type": "country"
  },
  {
    "name": "St Kitts and Nevis",
    "code": "KN",
    "type": "country"
  },
  {
    "name": "St Lucia",
    "code": "LC",
    "type": "country"
  },
  {
    "name": "St Vincent",
    "code": "VC",
    "type": "country"
  },
  {
    "name": "Sudan",
    "code": "SD",
    "type": "country"
  },
  {
    "name": "Suriname",
    "code": "SR",
    "type": "country"
  },
  {
    "name": "Svalbard and Jan Mayen",
    "code": "SJ",
    "type": "country"
  },
  {
    "name": "Sweden",
    "code": "SE",
    "type": "country"
  },
  {
    "name": "Switzerland",
    "code": "CH",
    "type": "country"
  },
  {
    "name": "Syria",
    "code": "SY",
    "type": "country"
  },
  {
    "name": "Taiwan",
    "code": "TW",
    "type": "country"
  },
  {
    "name": "Tajikistan",
    "code": "TJ",
    "type": "country"
  },
  {
    "name": "Tanzania",
    "code": "TZ",
    "type": "country"
  },
  {
    "name": "Thailand",
    "code": "TH",
    "type": "country"
  },
  {
    "name": "The Bahamas",
    "code": "BS",
    "type": "country"
  },
  {
    "name": "The Gambia",
    "code": "GM",
    "type": "country"
  },
  {
    "name": "Togo",
    "code": "TG",
    "type": "country"
  },
  {
    "name": "Tokelau",
    "code": "TK",
    "type": "country"
  },
  {
    "name": "Tonga",
    "code": "TO",
    "type": "country"
  },
  {
    "name": "Trinidad and Tobago",
    "code": "TT",
    "type": "country"
  },
  {
    "name": "Tristan da Cunha",
    "code": "SH-TA",
    "type": "country"
  },
  {
    "name": "Tunisia",
    "code": "TN",
    "type": "country"
  },
  {
    "name": "Turkey",
    "code": "TR",
    "type": "country"
  },
  {
    "name": "Turkmenistan",
    "code": "TM",
    "type": "country"
  },
  {
    "name": "Turks and Caicos Islands",
    "code": "TC",
    "type": "country"
  },
  {
    "name": "Tuvalu",
    "code": "TV",
    "type": "country"
  },
  {
    "name": "USSR",
    "code": "SU",
    "type": "country"
  },
  {
    "name": "Uganda",
    "code": "UG",
    "type": "country"
  },
  {
    "name": "Ukraine",
    "code": "UA",
    "type": "country"
  },
  {
    "name": "Umm al-Quwain",
    "code": "AE-UQ",
    "type": "country"
  },
  {
    "name": "United Arab Emirates",
    "code": "AE",
    "type": "country"
  },
  {
    "name": "United Kingdom",
    "code": "GB",
    "type": "country"
  },
  {
    "name": "United States",
    "code": "US",
    "type": "country"
  },
  {
    "name": "United States Virgin Islands",
    "code": "VI",
    "type": "country"
  },
  {
    "name": "Uruguay",
    "code": "UY",
    "type": "country"
  },
  {
    "name": "Uzbekistan",
    "code": "UZ",
    "type": "country"
  },
  {
    "name": "Vanuatu",
    "code": "VU",
    "type": "country"
  },
  {
    "name": "Vatican City",
    "code": "VA",
    "type": "country"
  },
  {
    "name": "Venezuela",
    "code": "VE",
    "type": "country"
  },
  {
    "name": "Vietnam",
    "code": "VN",
    "type": "country"
  },
  {
    "name": "Wake Island",
    "code": "UM-79",
    "type": "country"
  },
  {
    "name": "Wallis and Futuna",
    "code": "WF",
    "type": "country"
  },
  {
    "name": "Western Sahara",
    "code": "EH",
    "type": "country"
  },
  {
    "name": "Yemen",
    "code": "YE",
    "type": "country"
  },
  {
    "name": "Yugoslavia",
    "code": "YU",
    "type": "country"
  },
  {
    "name": "Zambia",
    "code": "ZM",
    "type": "country"
  },
  {
    "name": "Zimbabwe",
    "code": "ZW",
    "type": "country"
  },
  {
    "name": "Åland Islands",
    "code": "AX",
    "type": "country"
  }
]
